Hi,Greeting
Hey,Greeting
Hey man,Greeting
How are you doing,Greeting
How's it going,Greeting
What's up,Greeting
What's new,Greeting
What is going on,Greeting
How is everything,Greeting
How's life,Greeting
How's your day,Greeting
How's your day going,Greeting
How can I help you ,Greeting
Hello,Greeting
hello,Greeting
hallo,Greeting
How are you,Greeting
What are you looking for today ,Others
I can help you buy something using this app.,Others
Can I help you with something? ,Others
Nice to see you,Greeting
Can you show me some baby wipes,Search
Can you show me some Pull- Ups,Search
Can you show me some diapers,Search
Can you show me some baby formula,Search
Can you show me Organic Infant Formula Powder,Search
Can you show me Sensitive Non-GMO Ready to Food Infant Formula,Search
Can you how me Little Movers Plus Diapers in Size 5,Search
Can you show me Pull-Ups Plus Size 3T-4T (Boys/Girls),Search
Can you show me the best-selling baby wipes,Search
Can you show me the cheapest baby formula ,Search
Can you show me the most popular diapers ,Search
Can you show me Advance Non-GMO Infant Formula Powder,Search
Show me some Baby wipes,Search
Show me some Pull- Ups,Search
Show me some diapers,Search
Show me Little Movers Plus Diapers in  Size 4,Search
Show me Gentlease Infant Formula Powder,Search
Show me Natural Care Plus Baby Wipes,Search
Show me Little Snugglers Plus Diapers Newborn Skin Care Essentials Kit,Search
Show me the best-selling diapers ,Search
Show me the cheapest baby formula ,Search
Show me the most popular baby wipes,Search
Show me the best-selling Pull-Ups,Search
Show me some baby formula,Search
I would want some baby wipes,Search
I would want some Pull-Ups,Search
I would want some baby formula,Search
I would want some Little Movers Plus Diapers Size 6,Search
I would want Infant Formula Powder,Search
I would want Sensitive Non-GMO Ready to Feed Infant Formula,Search
I would want Advance Non-GMO Infant Formula Powder,Search
I would want the cheapest baby formula ,Search
I would want the best-selling Pull-Ups,Search
I would want some best-selling diapers,Search
I would want some diapers,Search
I want to buy some baby formula,Search
I want to buy some baby wipes,Search
I want to buy some Pull- Ups,Search
I want to buy the best-selling diapers in size 6,Search
I want to buy the cheapest diapers  in size 2,Search
I want to buy the most popular baby formula ,Search
I want to buy the cheapest baby wipes ,Search
I want to buy some diapers,Search
Can you help me find some baby wipes,Search
Can you help me to find some Pull- Ups,Search
Can you help me to find some baby formula,Search
Can you help me find Sensitive Non-GMO Infant Formula Powde,Search
Can you help me find Little Snugglers Plus Diapers in  Size 1,Search
Can you help me find Advance Non-GMO Infant Formula Powder,Search
Can you help me find Organic Infant Formula Powder,Search
Can you help me find the cheapest baby wipes,Search
Can you help me find the best-selling diapers,Search
Can you help me find the most popular baby formula,Search
Can you help me find the best-selling Pull-Ups,Search
Can you help me find some diapers,Search
I am trying to find the cheapest baby diapers,Search
I am trying to find the best-selling baby formula,Search
I am trying to find the most popular diapers ,Search
I am trying to find the cheapest baby wipes,Search
I am trying the find the best-selling diapers,Search
I am trying to find some baby diapers,Search
I am trying to find some Pull-Ups,Search
I am trying to find some baby formula,Search
I am trying to find Little Movers Plus Diapers in Size 5,Search
I am trying to find Organic Infant Formula Powder,Search
I am trying to find Little Snugglers Plus Diapers Newborn Skin Care Essentials Kit,Search
I am trying to find Natural Care Plus Baby Wipes,Search
I am trying to find some baby wipes,Search
I am looking for baby formula,Search
I am looking for Pull-Ups,Search
I am looking for the cheapest Pull-Ups,Search
I am looking for the best-selling Pull-Ups,Search
I am looking for the most popular baby formula ,Search
I am looking for Natural Care Plus Baby Wipes,Search
I am looking for Little Movers Plus Diapers in size 6,Search
I am look for Sensitive Non-GMO Infant Formula Powder,Search
I am looking for baby wipes,Search
I would like to buy some baby wipes,Search
I would like to buy Pull- Ups,Search
I would like to buy diapers,Search
I would like to buy baby formula ,Search
I would like to buy the best-selling baby formula ,Search
I would like to buy the cheaptest baby wipes ,Search
I would like to buy the most popular Pull-Ups,Search
I woud like to buy Little Movers Plus Diapers in size 4,Search
I would like to buy Sensitive Non-GMO Ready to Feed Infant Formula,Search
I need some baby formula,Search
I need some diapers,Search
I need some Pull-Ups,Search
I need the best-selling baby formula ,Search
I need the cheapest baby wipes ,Search
I need the most popular Pull-Ups,Search
I need Little Movers Plus Diapers Size 3,Search
I need Gentlease Infant Formula Powder,Search
I need some baby formula,Search
Do you sell baby wipes,Search
Do you sell Pull-Ups,Search
Do you sell baby formula,Search
Do you sell diapers,Search
Do you have Little Movers Plus Diapers in size 6,Search
Do you have Organic Infant Formula Powder,Search
Do you have Advance Non-GMO Infant Formula Powder,Search
Do you have Little Snugglers Plus Diapers in Size 2,Search
Do you have Pull-Ups Plus Size 3T-4T (Boys/Girls),Search
Do you have Little Snugglers Plus Diapers Newborn Skin Care Essentials Kit,Search
Do you have any baby formula,Search
Do you have diapers,Search
Do you have Pull-Ups Plus Size 3T-4T (Boys/Girls),Search
Do you have any baby wipes,Search
I want Natural care plus baby wipes,Search
I want baby formula,Search
I want Advance Non-GMO Infant Formula Powder,Search
I want Pull-Ups,Search
I want diapers,Search
I want Little Snugglers Plus Diapers Newborn Skin Care Essentials Kit,Search
I want Little Movers Plus Diapers in size 4,Search
I want Sensitive Non-GMO Ready to Feed Infant Formula,Search
I want the most popular baby formula ,Search
I want the best-selling diapers,Search
I want the cheapest baby wipes,Search
I want Organic Infant Formula Powder,Search
Help me find diapers in size 3,Search
Help me find diapers,Search
Help me find Little Movers Plus Diapers in Size 3,Search
Help me find Gentlease Infant Formula Powder,Search
Help me find Natural Care Plus Baby wipes,Search
Help me find Pull-Ups Plus in size 4,Search
Help me find the cheapest baby wipes ,Search
Help me find the best-selling diapers,Search
Help me find the most popular diapers,Search
Help me find baby formula ,Search
I am looking for the cheapest baby wipes,Search
Show me the cheapest baby formula,Search
I am looking for the most popular baby formla ,Search
How much does Infant Formula Powder cost ,Question
How much does the Organic Infant Formula Power cost ,Question
How much does the Sensitive Non-GMO Infant Formula Powder cost,Question
How much do the Little Movers Plus Diapers in Size 3 cost,Question
What is the distributor for Little Movers Plus Diapers,Question
What is the distributor for Pull-Ups Plus Size 2T-3T (Boys/Girls),Question
What is the distributor for baby wipes,Question
What is the distributor for Gentlease Infant Formula Powder,Question
How much is Sensitive Non-GMO Ready to Feed Infant Formula,Question
How much is Little Snugglers Plus Diapers in size 2,Question
How much is Natural Care Plus Baby Wipes,Question
How much is Gentlease Infant Formula Powder,Question
How many ounce for Infant Formula Powder,Question
How man ounce for Sensitive Non-GMO Infant Formula Powder,Question
How many count for Pull-Ups Plus Size 4T-5T (Boys/Girls) per pack,Question
How many ounce for the Organic Infant Formula Powder,Question
How many ournce for the Gentlease Infant Formula Powder,Question
How many count for Little Movers Plus Diapers in Size 4,Question
What is the price for Pull-Ups Plus Size 4T-5T (Boys/Girls),Question
What is the price for Sensitive Non-GMO Ready to Feed Infant Formula,Question
What is the price for Little Snugglers Plus Diapers in Size 2,Question
How much is this?,Question
How much is this product?,Question
How big is this?,Question
How large is this?,Question
How much weight does it have?,Question
How much of this product do I need for my baby?,Question
How big is this product?,Question
How large is this?,Question
What kind of wipes do you have?,Search
who is this product distributor?,Question
what is this baby formula distributor?,Question
I want to buy baby diaper,Search
My baby is 2 years old.,Search
My baby is heavy,Search
do you have any product for a 2 month old baby?,Search
I need a pack of large diapers,Search
I want to buy 2 large cans of baby formula,Search
Show me some good and cheap products.,Search
What kind of goods do you have?,Search
I am looking for cheap goods,Search
buy me some infant products,Search
we are going to serve wine,Search
I want to buy some wine,Search
I like to buy champagne,Search
Do you have any red wines?,Search
I am going to serve beef and pork with wine,Search
I am looking for white wine,Search
I want to serve champagne,Search
I also have a party today,Search
my friend likes wine,Search
my friends like vanilla flavor,Search
I would like to buy white wine.,Search
I also have a party tomorrow,Search
I would like to make a party,Search
I like vanilla flavor,Search
my guests like vanilla flavor,Search
my mother likes vanilla flavor,Search
my wife likes vanilla flavor,Search
my husband likes tobacco flavor,Search
it should be white wine,Search
it should be red wine,Search
I would like vanilla flavor,Search
it should be vanilla flavor,Search
tell me more about this product.,Question
detail of this product,Question
tell me about detail of this product,Question
show me detail of this product,Question
explain about this product,Question
explain about details of this product,Question
explain about its detail,Question
tell me about details of it,Question
could you tell me more about it?,Question
details of product,Question
description please,Question
descriptions,Question
description,Question
details,Question
detail,Question
more info,Question
more information,Question
tell me more about that,Question